"SECTION_NA","slug","file"
"Adirondack Highlands","adirondack_highlands","adirondack_highlands.jpg"
"Allegheny Mountains","allegheny_mountains","allegheny_mountains.jpg"
"Arkansas-Lousiana Piney Woods","arkansas_lousiana_piney_woods","arkansas_lousiana_piney_woods.jpg"
"Arkansas Tablelands","arkansas_tablelands","arkansas_tablelands.jpg"
"Atlantic Coastal Flatwoods","atlantic_coastal_flatwoods","atlantic_coastal_flatwoods.jpg"
"Basin and Range","basin_and_range","basin_and_range.jpg"
"Bear Lake","bear_lake","bear_lake.jpg"
"Beaverhead Mountains","beaverhead_mountains","beaverhead_mountains.jpg"
"Belt Mountain Foothills","belt_mountain_foothills","belt_mountain_foothills.jpg"
"Belt Mountains","belt_mountains","belt_mountains.jpg"
"Bighorn Basin","bighorn_basin","bighorn_basin.jpg"
"Bighorn Mountains","bighorn_mountains","bighorn_mountains.jpg"
"Bitterroot Mountains","bitterroot_mountains","bitterroot_mountains.jpg"
"Black Belt Prairie","black_belt_prairie","black_belt_prairie.jpg"
"Black Hills","black_hills","black_hills.jpg"
"Blackland Oak Woods and Prairie","blackland_oak_woods_and_prairie","blackland_oak_woods_and_prairie.jpg"
"Blue Mountain Foothills","blue_mountain_foothills","blue_mountain_foothills.jpg"
"Blue Mountains","blue_mountains","blue_mountains.jpg"
"Blue Ridge Mountains","blue_ridge_mountains","blue_ridge_mountains.jpg"
"Bluegrass","bluegrass","bluegrass.jpg"
"Bonneville Basin","bonneville_basin","bonneville_basin.jpg"
"Central Appalachian Piedmont","central_appalachian_piedmont","central_appalachian_piedmont.jpg"
"Central Basin and Hills","central_basin_and_hills","central_basin_and_hills.jpg"
"Central California Coast","central_california_coast","central_california_coast.jpg"
"Central California Coast Ranges","central_california_coast_ranges","central_california_coast_ranges.jpg"
"Central Dissected Till Plains","central_dissected_till_plains","central_dissected_till_plains.jpg"
"Central High Plains","central_high_plains","central_high_plains.jpg"
"Central High Tablelands","central_high_tablelands","central_high_tablelands.jpg"
"Central Ohio River Drift","central_ohio_river_drift","central_ohio_river_drift.jpg"
"Central Rio Grande Intermontane","central_rio_grande_intermontane","central_rio_grande_intermontane.jpg"
"Central Till Plains","central_till_plains","central_till_plains.jpg"
"Central Wisconsin Sands","central_wisconsin_sands","central_wisconsin_sands.jpg"
"Challis Volcanics","challis_volcanics","challis_volcanics.jpg"
"Colorado Desert","colorado_desert","colorado_desert.jpg"
"Columbia Basin","columbia_basin","columbia_basin.jpg"
"Cross Timbers and Prairie","cross_timbers_and_prairie","cross_timbers_and_prairie.jpg"
"Cumberland Piedmont","cumberland_piedmont","cumberland_piedmont.jpg"
"Cumberland Plateau","cumberland_plateau","cumberland_plateau.jpg"
"East Central Gulf Coastal Plains and Flatwoods","east_central_gulf_coastal_plains_and_flatwoods","east_central_gulf_coastal_plains_and_flatwoods.jpg"
"East Great Basin and Mountains","east_great_basin_and_mountains","east_great_basin_and_mountains.jpg"
"East Texas Piney Woods","east_texas_piney_woods","east_texas_piney_woods.jpg"
"Eastern Blue Mountain Foothills","eastern_blue_mountain_foothills","eastern_blue_mountain_foothills.jpg"
"Eastern Cascades","eastern_cascades","eastern_cascades.jpg"
"Eastern Chesapeake Bay Coastal Plain","eastern_chesapeake_bay_coastal_plain","eastern_chesapeake_bay_coastal_plain.jpg"
"Eastern Mississippi Alluvial Plain","eastern_mississippi_alluvial_plain","eastern_mississippi_alluvial_plain.jpg"
"Eastern Rolling Plains","eastern_rolling_plains","eastern_rolling_plains.jpg"
"Eastern Upper Peninsula","eastern_upper_peninsula","eastern_upper_peninsula.jpg"
"Edwards Plateau","edwards_plateau","edwards_plateau.jpg"
"Fall Line Coastal Plains and Flatwoods","fall_line_coastal_plains_and_flatwoods","fall_line_coastal_plains_and_flatwoods.jpg"
"Flathead Valley","flathead_valley","flathead_valley.jpg"
"Flint Hills-Osage Plains","flint_hills_osage_plains","flint_hills_osage_plains.jpg"
"Florida Atlantic Coastal Lowlands","florida_atlantic_coastal_lowlands","florida_atlantic_coastal_lowlands.jpg"
"Florida Coastal Plains Central Highlands","florida_coastal_plains_central_highlands","florida_coastal_plains_central_highlands.jpg"
"Florida Everglades and Mangroves","florida_everglades_and_mangroves","florida_everglades_and_mangroves.jpg"
"Florida Gulf Coastal Lowlands","florida_gulf_coastal_lowlands","florida_gulf_coastal_lowlands.jpg"
"Gaspe Peninsula","gaspe_peninsula","gaspe_peninsula.jpg"
"Glacial Lake Agassiz","glacial_lake_agassiz","glacial_lake_agassiz.jpg"
"Glaciated Allegheny Plateau","glaciated_allegheny_plateau","glaciated_allegheny_plateau.jpg"
"Glaciated New England Coast","glaciated_new_england_coast","glaciated_new_england_coast.jpg"
"Glaciated Northern Grasslands","glaciated_northern_grasslands","glaciated_northern_grasslands.jpg"
"Grand Canyon","grand_canyon","grand_canyon.jpg"
"Great Valley","great_valley","great_valley.jpg"
"Green-Taconic-Berkshire Mountains","green_taconic_berkshire_mountains","green_taconic_berkshire_mountains.jpg"
"Green River Basin","green_river_basin","green_river_basin.jpg"
"Gulf-Atlantic Coastal Plains and Flatwoods","gulf_atlantic_coastal_plains_and_flatwoods","gulf_atlantic_coastal_plains_and_flatwoods.jpg"
"Gulf Coast Prairie and Marshes","gulf_coast_prairie_and_marshes","gulf_coast_prairie_and_marshes.jpg"
"Gulf Coastal Lowlands","gulf_coastal_lowlands","gulf_coastal_lowlands.jpg"
"Gulf of Maine-Fundy Coast","gulf_of_maine_fundy_coast","gulf_of_maine_fundy_coast.jpg"
"Gulf of Maine Highlands","gulf_of_maine_highlands","gulf_of_maine_highlands.jpg"
"Highland Rim","highland_rim","highland_rim.jpg"
"Huron-Erie-Ontario Lake Plains","huron_erie_ontario_lake_plains","huron_erie_ontario_lake_plains.jpg"
"Idaho Batholith","idaho_batholith","idaho_batholith.jpg"
"Illinois Loess Plains","illinois_loess_plains","illinois_loess_plains.jpg"
"Illinois Till Plains and Grand Prairies","illinois_till_plains_and_grand_prairies","illinois_till_plains_and_grand_prairies.jpg"
"Klamath Mountains","klamath_mountains","klamath_mountains.jpg"
"Lake Agassiz Aspen Parklands","lake_agassiz_aspen_parklands","lake_agassiz_aspen_parklands.jpg"
"Lake Michigan Lowlands","lake_michigan_lowlands","lake_michigan_lowlands.jpg"
"Midwest Driftless Area","midwest_driftless_area","midwest_driftless_area.jpg"
"Minnesota Morainal-Oak Savanna","minnesota_morainal_oak_savanna","minnesota_morainal_oak_savanna.jpg"
"Mississippi Loess Plain","mississippi_loess_plain","mississippi_loess_plain.jpg"
"Missouri Coteau and Missouri River Breaks","missouri_coteau_and_missouri_river_breaks","missouri_coteau_and_missouri_river_breaks.jpg"
"Missouri Plateau","missouri_plateau","missouri_plateau.jpg"
"Missouri River Till Plains","missouri_river_till_plains","missouri_river_till_plains.jpg"
"Modoc Plateau","modoc_plateau","modoc_plateau.jpg"
"Mojave Desert","mojave_desert","mojave_desert.jpg"
"Mono","mono","mono.jpg"
"Navaho Canyonlands","navaho_canyonlands","navaho_canyonlands.jpg"
"Nebraska Sand Hills","nebraska_sand_hills","nebraska_sand_hills.jpg"
"North Central Glaciated Plains","north_central_glaciated_plains","north_central_glaciated_plains.jpg"
"North Central Great Plains","north_central_great_plains","north_central_great_plains.jpg"
"North Central Highlands","north_central_highlands","north_central_highlands.jpg"
"North Central Highlands and Rocky Mountains","north_central_highlands_and_rocky_mountains","north_central_highlands_and_rocky_mountains.jpg"
"Northeastern Glaciated Plains","northeastern_glaciated_plains","northeastern_glaciated_plains.jpg"
"Northeastern Great Basin","northeastern_great_basin","northeastern_great_basin.jpg"
"Northeastern Minnesota Drift","northeastern_minnesota_drift","northeastern_minnesota_drift.jpg"
"Northern Appalachian Piedmont","northern_appalachian_piedmont","northern_appalachian_piedmont.jpg"
"Northern California Coast","northern_california_coast","northern_california_coast.jpg"
"Northern California Coast Ranges","northern_california_coast_ranges","northern_california_coast_ranges.jpg"
"Northern California Interior Coast Ranges","northern_california_interior_coast_ranges","northern_california_interior_coast_ranges.jpg"
"Northern Canyonlands","northern_canyonlands","northern_canyonlands.jpg"
"Northern Cascades","northern_cascades","northern_cascades.jpg"
"Northern Cumberland Mountains","northern_cumberland_mountains","northern_cumberland_mountains.jpg"
"Northern Green Bay Lobe","northern_green_bay_lobe","northern_green_bay_lobe.jpg"
"Northern Highlands","northern_highlands","northern_highlands.jpg"
"Northern Lower Peninsula","northern_lower_peninsula","northern_lower_peninsula.jpg"
"Northern Minnesota Drift and Lake Plains","northern_minnesota_drift_and_lake_plains","northern_minnesota_drift_and_lake_plains.jpg"
"Northern Mojave Desert","northern_mojave_desert","northern_mojave_desert.jpg"
"Northern Mono","northern_mono","northern_mono.jpg"
"Northern Parks and Ranges","northern_parks_and_ranges","northern_parks_and_ranges.jpg"
"Northern Ridge and Valley","northern_ridge_and_valley","northern_ridge_and_valley.jpg"
"Northern Rio Grande Basin","northern_rio_grande_basin","northern_rio_grande_basin.jpg"
"Northern Rockies","northern_rockies","northern_rockies.jpg"
"Northern Rockies and Bitterroot Valley","northern_rockies_and_bitterroot_valley","northern_rockies_and_bitterroot_valley.jpg"
"Northern Texas High Plains","northern_texas_high_plains","northern_texas_high_plains.jpg"
"Northwestern Basin and Range","northwestern_basin_and_range","northwestern_basin_and_range.jpg"
"Northwestern Glaciated Plains","northwestern_glaciated_plains","northwestern_glaciated_plains.jpg"
"Okanogan Highland","okanogan_highland","okanogan_highland.jpg"
"Okenfenokee Lowlands","okenfenokee_lowlands","okenfenokee_lowlands.jpg"
"Oregon and Washington Coast Ranges","oregon_and_washington_coast_ranges","oregon_and_washington_coast_ranges.jpg"
"Ouachita Mountains","ouachita_mountains","ouachita_mountains.jpg"
"Overthrust Mountains","overthrust_mountains","overthrust_mountains.jpg"
"Owyhee Uplands","owyhee_uplands","owyhee_uplands.jpg"
"Ozark Highlands","ozark_highlands","ozark_highlands.jpg"
"Painted Desert","painted_desert","painted_desert.jpg"
"Palouse Prairie","palouse_prairie","palouse_prairie.jpg"
"Pecos Valley","pecos_valley","pecos_valley.jpg"
"Powder River Basin","powder_river_basin","powder_river_basin.jpg"
"Puget Trough","puget_trough","puget_trough.jpg"
"Rio Grande Plain","rio_grande_plain","rio_grande_plain.jpg"
"Rolling Plains","rolling_plains","rolling_plains.jpg"
"Sacramento-Monzano Mountains","sacramento_monzano_mountains","sacramento_monzano_mountains.jpg"
"Shawnee Hills","shawnee_hills","shawnee_hills.jpg"
"Sierra Nevada","sierra_nevada","sierra_nevada.jpg"
"Sierra Nevada Foothills","sierra_nevada_foothills","sierra_nevada_foothills.jpg"
"Snake River Basalts and Basins","snake_river_basalts_and_basins","snake_river_basalts_and_basins.jpg"
"Sonoran Desert","sonoran_desert","sonoran_desert.jpg"
"South Central and Red Bed Plains","south_central_and_red_bed_plains","south_central_and_red_bed_plains.jpg"
"South Central Great Lakes","south_central_great_lakes","south_central_great_lakes.jpg"
"South Central Great Plains","south_central_great_plains","south_central_great_plains.jpg"
"South Central Highlands","south_central_highlands","south_central_highlands.jpg"
"Southeastern Great Basin","southeastern_great_basin","southeastern_great_basin.jpg"
"Southern Appalachian Piedmont","southern_appalachian_piedmont","southern_appalachian_piedmont.jpg"
"Southern California Coast","southern_california_coast","southern_california_coast.jpg"
"Southern California Mountain and Valley","southern_california_mountain_and_valley","southern_california_mountain_and_valley.jpg"
"Southern Canadian Shield","southern_canadian_shield","southern_canadian_shield.jpg"
"Southern Cascades","southern_cascades","southern_cascades.jpg"
"Southern Cumberland Mountains","southern_cumberland_mountains","southern_cumberland_mountains.jpg"
"Southern Great Basin","southern_great_basin","southern_great_basin.jpg"
"Southern Green Bay Lobe","southern_green_bay_lobe","southern_green_bay_lobe.jpg"
"Southern High Plains","southern_high_plains","southern_high_plains.jpg"
"Southern Loess Plain","southern_loess_plain","southern_loess_plain.jpg"
"Southern Mississippi Alluvial Plain","southern_mississippi_alluvial_plain","southern_mississippi_alluvial_plain.jpg"
"Southern Parks and Rocky Mountain Range","southern_parks_and_rocky_mountain_range","southern_parks_and_rocky_mountain_range.jpg"
"Southern Ridge and Valley","southern_ridge_and_valley","southern_ridge_and_valley.jpg"
"Southern Unglaciated Allegheny Plateau","southern_unglaciated_allegheny_plateau","southern_unglaciated_allegheny_plateau.jpg"
"Southwestern Great Basin","southwestern_great_basin","southwestern_great_basin.jpg"
"St. John Lowlands","st_john_lowlands","st_john_lowlands.jpg"
"St. John Uplands","st_john_uplands","st_john_uplands.jpg"
"St. Lawrence and Champlain Valley","st_lawrence_and_champlain_valley","st_lawrence_and_champlain_valley.jpg"
"Tavaputs Plateau","tavaputs_plateau","tavaputs_plateau.jpg"
"Texas Cross Timbers and Prairie","texas_cross_timbers_and_prairie","texas_cross_timbers_and_prairie.jpg"
"Texas Gulf Prairie and Marshes","texas_gulf_prairie_and_marshes","texas_gulf_prairie_and_marshes.jpg"
"Texas High Plains","texas_high_plains","texas_high_plains.jpg"
"Texas Oak Woods and Prairie","texas_oak_woods_and_prairie","texas_oak_woods_and_prairie.jpg"
"Tonto Transition","tonto_transition","tonto_transition.jpg"
"Transition Hills","transition_hills","transition_hills.jpg"
"Tug Hill Plateau-Mohawk Valley","tug_hill_plateau_mohawk_valley","tug_hill_plateau_mohawk_valley.jpg"
"Uinta Basin","uinta_basin","uinta_basin.jpg"
"Uinta Mountains","uinta_mountains","uinta_mountains.jpg"
"Unglaciated Allegheny Plateau","unglaciated_allegheny_plateau","unglaciated_allegheny_plateau.jpg"
"Utah High Plateau","utah_high_plateau","utah_high_plateau.jpg"
"West Central Gulf Coastal Plains and Flatwoods","west_central_gulf_coastal_plains_and_flatwoods","west_central_gulf_coastal_plains_and_flatwoods.jpg"
"West Great Basin and Mountains","west_great_basin_and_mountains","west_great_basin_and_mountains.jpg"
"Western Cascades","western_cascades","western_cascades.jpg"
"Western Chesapeake Bay Coastal Plain","western_chesapeake_bay_coastal_plain","western_chesapeake_bay_coastal_plain.jpg"
"Western Glaciated Allegheny Plateau","western_glaciated_allegheny_plateau","western_glaciated_allegheny_plateau.jpg"
"Western Glaciated Plains","western_glaciated_plains","western_glaciated_plains.jpg"
"Western Great Plains","western_great_plains","western_great_plains.jpg"
"Western Gulf Coastal Plains and Flatwoods","western_gulf_coastal_plains_and_flatwoods","western_gulf_coastal_plains_and_flatwoods.jpg"
"Western Lake Superior Coast","western_lake_superior_coast","western_lake_superior_coast.jpg"
"Western Mississippi Alluvial Plain","western_mississippi_alluvial_plain","western_mississippi_alluvial_plain.jpg"
"Western Superior Uplands","western_superior_uplands","western_superior_uplands.jpg"
"White Mountains","white_mountains","white_mountains.jpg"
"White Mountains-San Francisco Peaks-Mongollon Rim","white_mountains_san_francisco_peaks_mongollon_rim","white_mountains_san_francisco_peaks_mongollon_rim.jpg"
"Willamette Valley","willamette_valley","willamette_valley.jpg"
"Wind River Mountains","wind_river_mountains","wind_river_mountains.jpg"
"Wisconsin River Valley","wisconsin_river_valley","wisconsin_river_valley.jpg"
"Yellowstone Highlands","yellowstone_highlands","yellowstone_highlands.jpg"
