section_co,section_na
211A,Lake Agassiz Aspen Parklands
212A,Glacial Lake Agassiz
212B,Southern Canadian Shield
212C,Northern Minnesota Drift and Lake Plains
212D,Northeastern Minnesota Drift
311A,Oregon and Washington Coast Ranges
311B,Northern Cascades
311C,Western Cascades
311D,Eastern Cascades
312A,Puget Trough
312B,Willamette Valley
313A,Klamath Mountains
313B,Northern California Coast
313C,Northern California Coast Ranges
313D,Northern California Interior Coast Ranges
313E,Southern Cascades
313F,Modoc Plateau
313G,Sierra Nevada Foothills
313H,Sierra Nevada
321A,Western Lake Superior Coast
321B,Western Superior Uplands
321C,Northern Highlands
321D,Wisconsin River Valley
321E,Northern Green Bay Lobe
321F,Eastern Upper Peninsula
321G,Northern Lower Peninsula
322A,St. Lawrence and Champlain Valley
323A,Unglaciated Allegheny Plateau
323B,Glaciated Allegheny Plateau
323C,Tug Hill Plateau-Mohawk Valley
324A,Adirondack Highlands
324B,Green-Taconic-Berkshire Mountains
324C,White Mountains
325A,St. John Uplands
325B,Gaspe Peninsula
325C,St. John Lowlands
326C,Gulf of Maine Highlands
326D,Gulf of Maine-Fundy Coast
331A,Minnesota Morainal-Oak Savanna
331B,Midwest Driftless Area
331C,Central Wisconsin Sands
331D,Southern Green Bay Lobe
331E,Lake Michigan Lowlands
331F,South Central Great Lakes
332A,Central Ohio River Drift
332B,Central Till Plains
332C,Western Glaciated Allegheny Plateau
332D,Huron-Erie-Ontario Lake Plains
333A,Ouachita Mountains
333B,Ozark Highlands
333C,Shawnee Hills
333D,Transition Hills
333E,Bluegrass
333F,Highland Rim
334A,Cumberland Plateau
334B,Southern Unglaciated Allegheny Plateau
335A,Southern Cumberland Mountains
335B,Northern Cumberland Mountains
335C,Allegheny Mountains
335D,Northern Ridge and Valley
335E,Blue Ridge Mountains
336A,Northern Appalachian Piedmont
336B,Glaciated New England Coast
341A,East Texas Piney Woods
341B,Arkansas-Lousiana Piney Woods
342A,Western Mississippi Alluvial Plain
342B,Eastern Mississippi Alluvial Plain
342C,Southern Mississippi Alluvial Plain
343A,Mississippi Loess Plain
343B,Black Belt Prairie
343C,Southern Loess Plain
344A,Cumberland Piedmont
344B,Southern Ridge and Valley
344C,Southern Appalachian Piedmont
344D,Central Appalachian Piedmont
345A,Western Gulf Coastal Plains and Flatwoods
345B,Gulf Coast Prairie and Marshes
345C,West Central Gulf Coastal Plains and Flatwoods
345D,Gulf Coastal Lowlands
345E,East Central Gulf Coastal Plains and Flatwoods
345F,Fall Line Coastal Plains and Flatwoods
345G,Gulf-Atlantic Coastal Plains and Flatwoods
345H,Okenfenokee Lowlands
345I,Florida Gulf Coastal Lowlands
345J,Florida Coastal Plains Central Highlands
345K,Florida Atlantic Coastal Lowlands
345L,Atlantic Coastal Flatwoods
345M,Western Chesapeake Bay Coastal Plain
345N,Eastern Chesapeake Bay Coastal Plain
351A,North Central Glaciated Plains
351B,Missouri River Till Plains
351C,Central Dissected Till Plains
351D,Illinois Loess Plains
351E,Illinois Till Plains and Grand Prairies
352A,Flint Hills-Osage Plains
352B,Cross Timbers and Prairie
352C,Texas Cross Timbers and Prairie
352D,Texas Oak Woods and Prairie
353A,Blackland Oak Woods and Prairie
353B,Texas Gulf Prairie and Marshes
411A,Okanogan Highland
411B,Flathead Valley
411C,Bitterroot Mountains
411D,Northern Rockies
412A,Blue Mountains
412B,Idaho Batholith
412C,Northern Rockies and Bitterroot Valley
412D,Belt Mountains
412E,Challis Volcanics
412F,Beaverhead Mountains
413A,Yellowstone Highlands
413B,Bighorn Mountains
413C,Black Hills
413D,Overthrust Mountains
413E,Wind River Mountains
413F,Uinta Mountains
413G,North Central Highlands and Rocky Mountains
413H,Northern Parks and Ranges
413I,South Central Highlands
413J,Southern Parks and Rocky Mountain Range
421A,Columbia Basin
421B,Blue Mountain Foothills
421C,Eastern Blue Mountain Foothills
421D,Snake River Basalts and Basins
421E,Owyhee Uplands
422A,Northwestern Basin and Range
422B,Northern Mono
422C,Northeastern Great Basin
422D,Mono
422E,Southern Great Basin
422F,Southeastern Great Basin
422G,Bonneville Basin
423A,Bighorn Basin
423B,Central Basin and Hills
423C,Green River Basin
423D,Bear Lake
424A,Uinta Basin
424B,Northern Canyonlands
424C,Grand Canyon
424D,Painted Desert
424E,Navaho Canyonlands
424F,Northern Rio Grande Basin
425A,West Great Basin and Mountains
425B,East Great Basin and Mountains
425C,Utah High Plateau
425D,Tavaputs Plateau
426A,Tonto Transition
426B,White Mountains-San Francisco Peaks-Mongollon Rim
426C,Central Rio Grande Intermontane
426D,Sacramento-Monzano Mountains
431A,Central California Coast
431B,Central California Coast Ranges
431C,Southern California Coast
431D,Southern California Mountain and Valley
432A,Great Valley
441A,Southwestern Great Basin
441B,Northern Mojave Desert
441C,Mojave Desert
441D,Colorado Desert
441E,Sonoran Desert
442A,Basin and Range
442B,Rio Grande Plain
451A,Palouse Prairie
451B,Northwestern Glaciated Plains
451C,Glaciated Northern Grasslands
451D,Missouri Coteau and Missouri River Breaks
451E,North Central Highlands
451F,Missouri Plateau
451G,Belt Mountain Foothills
451H,Powder River Basin
451I,Western Great Plains
451J,Central High Plains
451K,Central High Tablelands
451L,Arkansas Tablelands
451M,Southern High Plains
452A,Northeastern Glaciated Plains
452B,Western Glaciated Plains
452C,North Central Great Plains
452D,Nebraska Sand Hills
452E,South Central Great Plains
452F,South Central and Red Bed Plains
453A,Pecos Valley
453B,Texas High Plains
453C,Northern Texas High Plains
453D,Rolling Plains
453E,Eastern Rolling Plains
453F,Edwards Plateau
511A,Florida Everglades and Mangroves
